{"cameraMode":{"drawMode":0,"name":"Shaded","section":"Shading Mode"},"sceneLighting":true,"audioPlay":false,"sceneViewState":{"showFog":true,"showMaterialUpdate":false,"showSkybox":true,"showFlares":true,"showImageEffects":true,"showParticleSystems":true},"in2DMode":false,"pivot":{"x":518.217041015625,"y":217.97743225097657,"z":6.4425048828125},"rotation":{"x":-0.1363408863544464,"y":-0.024667369201779367,"z":0.0033959923312067987,"w":-0.990349531173706},"size":345.0029296875,"orthographic":false}